office,quarter,metric_name,metric_value
"Divisional Forest Office, Bumthang",Q1,rural_standing_volume_m3,1146.59
"Divisional Forest Office, Bumthang",Q1,rural_standing_royalty_nu,52686.0
"Divisional Forest Office, Bumthang",Q1,rural_other_volume_m3,0.31
"Divisional Forest Office, Bumthang",Q1,rural_other_royalty_nu,720.0
"Divisional Forest Office, Bumthang",Q1,commercial_standing_volume_m3,13.32
"Divisional Forest Office, Bumthang",Q1,commercial_other_volume_m3,15893.99
"Divisional Forest Office, Bumthang",Q1,commercial_total_royalty_nu,3055852.44
"Divisional Forest Office, Bumthang",Q1,free_timber_volume_m3,0.0
"Divisional Forest Office, Bumthang",Q1,free_firewood_volume_m3,0.0
"Divisional Forest Office, Dagana",Q1,rural_standing_volume_m3,817.25
"Divisional Forest Office, Dagana",Q1,rural_standing_royalty_nu,5668.0
"Divisional Forest Office, Dagana",Q1,rural_other_volume_m3,3.36
"Divisional Forest Office, Dagana",Q1,rural_other_royalty_nu,400.0
"Divisional Forest Office, Dagana",Q1,commercial_standing_volume_m3,0.0
"Divisional Forest Office, Dagana",Q1,commercial_other_volume_m3,16.49
"Divisional Forest Office, Dagana",Q1,commercial_total_royalty_nu,6467.45
"Divisional Forest Office, Dagana",Q1,free_timber_volume_m3,0.0
"Divisional Forest Office, Dagana",Q1,free_firewood_volume_m3,0.0
"Divisional Forest Office, Gedu",Q1,rural_standing_volume_m3,892.33
"Divisional Forest Office, Gedu",Q1,rural_standing_royalty_nu,8146.0
"Divisional Forest Office, Gedu",Q1,rural_other_volume_m3,0.0
"Divisional Forest Office, Gedu",Q1,rural_other_royalty_nu,0.0
"Divisional Forest Office, Gedu",Q1,commercial_standing_volume_m3,434.77
"Divisional Forest Office, Gedu",Q1,commercial_other_volume_m3,113.65
"Divisional Forest Office, Gedu",Q1,commercial_total_royalty_nu,99545.28
"Divisional Forest Office, Gedu",Q1,free_timber_volume_m3,648.86
"Divisional Forest Office, Gedu",Q1,free_firewood_volume_m3,48.0
"Divisional Forest Office, Mongar",Q1,rural_standing_volume_m3,1196.48
"Divisional Forest Office, Mongar",Q1,rural_standing_royalty_nu,16674.0
"Divisional Forest Office, Mongar",Q1,rural_other_volume_m3,0
"Divisional Forest Office, Mongar",Q1,rural_other_royalty_nu,0
"Divisional Forest Office, Mongar",Q1,commercial_standing_volume_m3,58.15
"Divisional Forest Office, Mongar",Q1,commercial_other_volume_m3,697.84
"Divisional Forest Office, Mongar",Q1,commercial_total_royalty_nu,349539.98
"Divisional Forest Office, Mongar",Q1,free_timber_volume_m3,0
"Divisional Forest Office, Mongar",Q1,free_firewood_volume_m3,0
"Divisional Forest Office, Paro",Q1,rural_standing_volume_m3,2533.88
"Divisional Forest Office, Paro",Q1,rural_standing_royalty_nu,12512.0
"Divisional Forest Office, Paro",Q1,rural_other_volume_m3,0.0
"Divisional Forest Office, Paro",Q1,rural_other_royalty_nu,0.0
"Divisional Forest Office, Paro",Q1,commercial_standing_volume_m3,152.41
"Divisional Forest Office, Paro",Q1,commercial_other_volume_m3,333.01
"Divisional Forest Office, Paro",Q1,commercial_total_royalty_nu,633449.62
"Divisional Forest Office, Paro",Q1,free_timber_volume_m3,769.4
"Divisional Forest Office, Paro",Q1,free_firewood_volume_m3,0.0
"Divisional Forest Office, Pema Gatshel",Q1,rural_standing_volume_m3,546.2
"Divisional Forest Office, Pema Gatshel",Q1,rural_standing_royalty_nu,4720.0
"Divisional Forest Office, Pema Gatshel",Q1,rural_other_volume_m3,1.97
"Divisional Forest Office, Pema Gatshel",Q1,rural_other_royalty_nu,0.0
"Divisional Forest Office, Pema Gatshel",Q1,commercial_standing_volume_m3,2.16
"Divisional Forest Office, Pema Gatshel",Q1,commercial_other_volume_m3,372.49
"Divisional Forest Office, Pema Gatshel",Q1,commercial_total_royalty_nu,105478.94
"Divisional Forest Office, Pema Gatshel",Q1,free_timber_volume_m3,0.0
"Divisional Forest Office, Pema Gatshel",Q1,free_firewood_volume_m3,0.0
"Divisional Forest Office, Samdrup Jongkhar",Q1,rural_standing_volume_m3,559.69
"Divisional Forest Office, Samdrup Jongkhar",Q1,rural_standing_royalty_nu,3720.0
"Divisional Forest Office, Samdrup Jongkhar",Q1,rural_other_volume_m3,0
"Divisional Forest Office, Samdrup Jongkhar",Q1,rural_other_royalty_nu,0
"Divisional Forest Office, Samdrup Jongkhar",Q1,commercial_standing_volume_m3,218.75
"Divisional Forest Office, Samdrup Jongkhar",Q1,commercial_other_volume_m3,0
"Divisional Forest Office, Samdrup Jongkhar",Q1,commercial_total_royalty_nu,116006.74
"Divisional Forest Office, Samdrup Jongkhar",Q1,free_timber_volume_m3,195.25
"Divisional Forest Office, Samdrup Jongkhar",Q1,free_firewood_volume_m3,0
"Divisional Forest Office, Samtse",Q1,rural_standing_volume_m3,1976.82
"Divisional Forest Office, Samtse",Q1,rural_standing_royalty_nu,34865.98
"Divisional Forest Office, Samtse",Q1,rural_other_volume_m3,0
"Divisional Forest Office, Samtse",Q1,rural_other_royalty_nu,0
"Divisional Forest Office, Samtse",Q1,commercial_standing_volume_m3,2.31
"Divisional Forest Office, Samtse",Q1,commercial_other_volume_m3,85.82
"Divisional Forest Office, Samtse",Q1,commercial_total_royalty_nu,11330.02
"Divisional Forest Office, Samtse",Q1,free_timber_volume_m3,56.87
"Divisional Forest Office, Samtse",Q1,free_firewood_volume_m3,45.74
"Divisional Forest Office, Sarpang",Q1,rural_standing_volume_m3,1927.1
"Divisional Forest Office, Sarpang",Q1,rural_standing_royalty_nu,8050.0
"Divisional Forest Office, Sarpang",Q1,rural_other_volume_m3,0.0
"Divisional Forest Office, Sarpang",Q1,rural_other_royalty_nu,0.0
"Divisional Forest Office, Sarpang",Q1,commercial_standing_volume_m3,1955.73
"Divisional Forest Office, Sarpang",Q1,commercial_other_volume_m3,0.0
"Divisional Forest Office, Sarpang",Q1,commercial_total_royalty_nu,836135.64
"Divisional Forest Office, Sarpang",Q1,free_timber_volume_m3,316.76
"Divisional Forest Office, Sarpang",Q1,free_firewood_volume_m3,54.95
"Divisional Forest Office, Thimphu",Q1,rural_standing_volume_m3,232.0
"Divisional Forest Office, Thimphu",Q1,rural_standing_royalty_nu,3403.26
"Divisional Forest Office, Thimphu",Q1,rural_other_volume_m3,0
"Divisional Forest Office, Thimphu",Q1,rural_other_royalty_nu,0
"Divisional Forest Office, Thimphu",Q1,commercial_standing_volume_m3,399.76
"Divisional Forest Office, Thimphu",Q1,commercial_other_volume_m3,0.0
"Divisional Forest Office, Thimphu",Q1,commercial_total_royalty_nu,104146.0
"Divisional Forest Office, Thimphu",Q1,free_timber_volume_m3,0.0
"Divisional Forest Office, Thimphu",Q1,free_firewood_volume_m3,0.0
"Divisional Forest Office, Trashigang",Q1,rural_standing_volume_m3,1548.73
"Divisional Forest Office, Trashigang",Q1,rural_standing_royalty_nu,20382.0
"Divisional Forest Office, Trashigang",Q1,rural_other_volume_m3,8.8
"Divisional Forest Office, Trashigang",Q1,rural_other_royalty_nu,0.0
"Divisional Forest Office, Trashigang",Q1,commercial_standing_volume_m3,203.63
"Divisional Forest Office, Trashigang",Q1,commercial_other_volume_m3,17.79
"Divisional Forest Office, Trashigang",Q1,commercial_total_royalty_nu,208668.26
"Divisional Forest Office, Trashigang",Q1,free_timber_volume_m3,0.0
"Divisional Forest Office, Trashigang",Q1,free_firewood_volume_m3,0.0
"Divisional Forest Office, Tsirang",Q1,rural_standing_volume_m3,229.81
"Divisional Forest Office, Tsirang",Q1,rural_standing_royalty_nu,1730.0
"Divisional Forest Office, Tsirang",Q1,rural_other_volume_m3,13.56
"Divisional Forest Office, Tsirang",Q1,rural_other_royalty_nu,1008.0
"Divisional Forest Office, Tsirang",Q1,commercial_standing_volume_m3,0.0
"Divisional Forest Office, Tsirang",Q1,commercial_other_volume_m3,0.0
"Divisional Forest Office, Tsirang",Q1,commercial_total_royalty_nu,0.0
"Divisional Forest Office, Tsirang",Q1,free_timber_volume_m3,0.0
"Divisional Forest Office, Tsirang",Q1,free_firewood_volume_m3,0.0
"Divisional Forest Office, Wangdue",Q1,rural_standing_volume_m3,0
"Divisional Forest Office, Wangdue",Q1,rural_standing_royalty_nu,0
"Divisional Forest Office, Wangdue",Q1,rural_other_volume_m3,0
"Divisional Forest Office, Wangdue",Q1,rural_other_royalty_nu,0
"Divisional Forest Office, Wangdue",Q1,commercial_standing_volume_m3,0
"Divisional Forest Office, Wangdue",Q1,commercial_other_volume_m3,0
"Divisional Forest Office, Wangdue",Q1,commercial_total_royalty_nu,0
"Divisional Forest Office, Wangdue",Q1,free_timber_volume_m3,0
"Divisional Forest Office, Wangdue",Q1,free_firewood_volume_m3,0
"Divisional Forest Office, Zhemgang",Q1,rural_standing_volume_m3,191.46
"Divisional Forest Office, Zhemgang",Q1,rural_standing_royalty_nu,2700.0
"Divisional Forest Office, Zhemgang",Q1,rural_other_volume_m3,0.0
"Divisional Forest Office, Zhemgang",Q1,rural_other_royalty_nu,0.0
"Divisional Forest Office, Zhemgang",Q1,commercial_standing_volume_m3,16.85
"Divisional Forest Office, Zhemgang",Q1,commercial_other_volume_m3,257.51
"Divisional Forest Office, Zhemgang",Q1,commercial_total_royalty_nu,21934.0
"Divisional Forest Office, Zhemgang",Q1,free_timber_volume_m3,0.0
"Divisional Forest Office, Zhemgang",Q1,free_firewood_volume_m3,0.0
Bumdeling Wildlife Sanctuary,Q1,rural_standing_volume_m3,331.42
Bumdeling Wildlife Sanctuary,Q1,rural_standing_royalty_nu,9086.24
Bumdeling Wildlife Sanctuary,Q1,rural_other_volume_m3,0
Bumdeling Wildlife Sanctuary,Q1,rural_other_royalty_nu,0
Bumdeling Wildlife Sanctuary,Q1,commercial_standing_volume_m3,156.55
Bumdeling Wildlife Sanctuary,Q1,commercial_other_volume_m3,0
Bumdeling Wildlife Sanctuary,Q1,commercial_total_royalty_nu,69043.04
Bumdeling Wildlife Sanctuary,Q1,free_timber_volume_m3,0.0
Bumdeling Wildlife Sanctuary,Q1,free_firewood_volume_m3,357.94
Jigme Dorji National Park,Q1,rural_standing_volume_m3,156.12
Jigme Dorji National Park,Q1,rural_standing_royalty_nu,1000.0
Jigme Dorji National Park,Q1,rural_other_volume_m3,0
Jigme Dorji National Park,Q1,rural_other_royalty_nu,0
Jigme Dorji National Park,Q1,commercial_standing_volume_m3,417.85
Jigme Dorji National Park,Q1,commercial_other_volume_m3,0
Jigme Dorji National Park,Q1,commercial_total_royalty_nu,99754.61
Jigme Dorji National Park,Q1,free_timber_volume_m3,0.0
Jigme Dorji National Park,Q1,free_firewood_volume_m3,0.0
Jigme Khesar Strict Nature Reserve,Q1,rural_standing_volume_m3,234.0
Jigme Khesar Strict Nature Reserve,Q1,rural_standing_royalty_nu,960.0
Jigme Khesar Strict Nature Reserve,Q1,rural_other_volume_m3,0.0
Jigme Khesar Strict Nature Reserve,Q1,rural_other_royalty_nu,0.0
Jigme Khesar Strict Nature Reserve,Q1,commercial_standing_volume_m3,76.39
Jigme Khesar Strict Nature Reserve,Q1,commercial_other_volume_m3,0.0
Jigme Khesar Strict Nature Reserve,Q1,commercial_total_royalty_nu,3758.46
Jigme Khesar Strict Nature Reserve,Q1,free_timber_volume_m3,11.53
Jigme Khesar Strict Nature Reserve,Q1,free_firewood_volume_m3,0.0
Jigme Singye Wangchuck National Park,Q1,rural_standing_volume_m3,192.73
Jigme Singye Wangchuck National Park,Q1,rural_standing_royalty_nu,1280.0
Jigme Singye Wangchuck National Park,Q1,rural_other_volume_m3,0
Jigme Singye Wangchuck National Park,Q1,rural_other_royalty_nu,0
Jigme Singye Wangchuck National Park,Q1,commercial_standing_volume_m3,18.29
Jigme Singye Wangchuck National Park,Q1,commercial_other_volume_m3,23.72
Jigme Singye Wangchuck National Park,Q1,commercial_total_royalty_nu,18435.35
Jigme Singye Wangchuck National Park,Q1,free_timber_volume_m3,0.0
Jigme Singye Wangchuck National Park,Q1,free_firewood_volume_m3,0.0
Jomotsangkha Wildlife Sanctuary,Q1,rural_standing_volume_m3,2742.43
Jomotsangkha Wildlife Sanctuary,Q1,rural_standing_royalty_nu,18480.0
Jomotsangkha Wildlife Sanctuary,Q1,rural_other_volume_m3,24.0
Jomotsangkha Wildlife Sanctuary,Q1,rural_other_royalty_nu,1260.0
Jomotsangkha Wildlife Sanctuary,Q1,commercial_standing_volume_m3,1259.06
Jomotsangkha Wildlife Sanctuary,Q1,commercial_other_volume_m3,1414.57
Jomotsangkha Wildlife Sanctuary,Q1,commercial_total_royalty_nu,369978.34
Jomotsangkha Wildlife Sanctuary,Q1,free_timber_volume_m3,0.0
Jomotsangkha Wildlife Sanctuary,Q1,free_firewood_volume_m3,0.0
Phibsoo Wildlife Sanctuary,Q1,rural_standing_volume_m3,0.0
Phibsoo Wildlife Sanctuary,Q1,rural_standing_royalty_nu,0.0
Phibsoo Wildlife Sanctuary,Q1,rural_other_volume_m3,0.0
Phibsoo Wildlife Sanctuary,Q1,rural_other_royalty_nu,0.0
Phibsoo Wildlife Sanctuary,Q1,commercial_standing_volume_m3,0.0
Phibsoo Wildlife Sanctuary,Q1,commercial_other_volume_m3,0.0
Phibsoo Wildlife Sanctuary,Q1,commercial_total_royalty_nu,0.0
Phibsoo Wildlife Sanctuary,Q1,free_timber_volume_m3,0.0
Phibsoo Wildlife Sanctuary,Q1,free_firewood_volume_m3,0.0
Phrumsengla National Park,Q1,rural_standing_volume_m3,171.35
Phrumsengla National Park,Q1,rural_standing_royalty_nu,13168.0
Phrumsengla National Park,Q1,rural_other_volume_m3,0.0
Phrumsengla National Park,Q1,rural_other_royalty_nu,0.0
Phrumsengla National Park,Q1,commercial_standing_volume_m3,68.94
Phrumsengla National Park,Q1,commercial_other_volume_m3,1.13
Phrumsengla National Park,Q1,commercial_total_royalty_nu,19954.02
Phrumsengla National Park,Q1,free_timber_volume_m3,137.91
Phrumsengla National Park,Q1,free_firewood_volume_m3,0.0
Royal Manas National Park,Q1,rural_standing_volume_m3,0
Royal Manas National Park,Q1,rural_standing_royalty_nu,0
Royal Manas National Park,Q1,rural_other_volume_m3,0
Royal Manas National Park,Q1,rural_other_royalty_nu,0
Royal Manas National Park,Q1,commercial_standing_volume_m3,0
Royal Manas National Park,Q1,commercial_other_volume_m3,0
Royal Manas National Park,Q1,commercial_total_royalty_nu,0
Royal Manas National Park,Q1,free_timber_volume_m3,0
Royal Manas National Park,Q1,free_firewood_volume_m3,0
Sakteng Wildlife Sanctuary,Q1,rural_standing_volume_m3,59.69
Sakteng Wildlife Sanctuary,Q1,rural_standing_royalty_nu,900.0
Sakteng Wildlife Sanctuary,Q1,rural_other_volume_m3,0.0
Sakteng Wildlife Sanctuary,Q1,rural_other_royalty_nu,0.0
Sakteng Wildlife Sanctuary,Q1,commercial_standing_volume_m3,47.93
Sakteng Wildlife Sanctuary,Q1,commercial_other_volume_m3,14.75
Sakteng Wildlife Sanctuary,Q1,commercial_total_royalty_nu,2720.0
Sakteng Wildlife Sanctuary,Q1,free_timber_volume_m3,0.0
Sakteng Wildlife Sanctuary,Q1,free_firewood_volume_m3,0.0
Wangchuck Centennial National Park,Q1,rural_standing_volume_m3,112.78
Wangchuck Centennial National Park,Q1,rural_standing_royalty_nu,520.0
Wangchuck Centennial National Park,Q1,rural_other_volume_m3,15.86
Wangchuck Centennial National Park,Q1,rural_other_royalty_nu,0.0
Wangchuck Centennial National Park,Q1,commercial_standing_volume_m3,30.23
Wangchuck Centennial National Park,Q1,commercial_other_volume_m3,44.88
Wangchuck Centennial National Park,Q1,commercial_total_royalty_nu,3596.0
Wangchuck Centennial National Park,Q1,free_timber_volume_m3,0.0
Wangchuck Centennial National Park,Q1,free_firewood_volume_m3,0.0
"Divisional Forest Office, Bumthang",Q2,rural_standing_volume_m3,1538.35
"Divisional Forest Office, Bumthang",Q2,rural_standing_royalty_nu,23840.0
"Divisional Forest Office, Bumthang",Q2,rural_other_volume_m3,16.92
"Divisional Forest Office, Bumthang",Q2,rural_other_royalty_nu,40.0
"Divisional Forest Office, Bumthang",Q2,commercial_standing_volume_m3,3.47
"Divisional Forest Office, Bumthang",Q2,commercial_other_volume_m3,6377.76
"Divisional Forest Office, Bumthang",Q2,commercial_total_royalty_nu,3418962.76
"Divisional Forest Office, Bumthang",Q2,free_timber_volume_m3,0.0
"Divisional Forest Office, Bumthang",Q2,free_firewood_volume_m3,0.0
"Divisional Forest Office, Dagana",Q2,rural_standing_volume_m3,492.1
"Divisional Forest Office, Dagana",Q2,rural_standing_royalty_nu,3012.0
"Divisional Forest Office, Dagana",Q2,rural_other_volume_m3,7.12
"Divisional Forest Office, Dagana",Q2,rural_other_royalty_nu,960.0
"Divisional Forest Office, Dagana",Q2,commercial_standing_volume_m3,0.0
"Divisional Forest Office, Dagana",Q2,commercial_other_volume_m3,0.0
"Divisional Forest Office, Dagana",Q2,commercial_total_royalty_nu,0.0
"Divisional Forest Office, Dagana",Q2,free_timber_volume_m3,461.57
"Divisional Forest Office, Dagana",Q2,free_firewood_volume_m3,11.63
"Divisional Forest Office, Gedu",Q2,rural_standing_volume_m3,93.52
"Divisional Forest Office, Gedu",Q2,rural_standing_royalty_nu,1640.0
"Divisional Forest Office, Gedu",Q2,rural_other_volume_m3,32.96
"Divisional Forest Office, Gedu",Q2,rural_other_royalty_nu,941.6
"Divisional Forest Office, Gedu",Q2,commercial_standing_volume_m3,176.67
"Divisional Forest Office, Gedu",Q2,commercial_other_volume_m3,1647.49
"Divisional Forest Office, Gedu",Q2,commercial_total_royalty_nu,51048.29
"Divisional Forest Office, Gedu",Q2,free_timber_volume_m3,210.35
"Divisional Forest Office, Gedu",Q2,free_firewood_volume_m3,56.0
"Divisional Forest Office, Mongar",Q2,rural_standing_volume_m3,1979.77
"Divisional Forest Office, Mongar",Q2,rural_standing_royalty_nu,10094.0
"Divisional Forest Office, Mongar",Q2,rural_other_volume_m3,14.14
"Divisional Forest Office, Mongar",Q2,rural_other_royalty_nu,280.0
"Divisional Forest Office, Mongar",Q2,commercial_standing_volume_m3,8.82
"Divisional Forest Office, Mongar",Q2,commercial_other_volume_m3,767.18
"Divisional Forest Office, Mongar",Q2,commercial_total_royalty_nu,339413.4
"Divisional Forest Office, Mongar",Q2,free_timber_volume_m3,0
"Divisional Forest Office, Mongar",Q2,free_firewood_volume_m3,0
"Divisional Forest Office, Paro",Q2,rural_standing_volume_m3,1416.17
"Divisional Forest Office, Paro",Q2,rural_standing_royalty_nu,9348.0
"Divisional Forest Office, Paro",Q2,rural_other_volume_m3,7.12
"Divisional Forest Office, Paro",Q2,rural_other_royalty_nu,0
"Divisional Forest Office, Paro",Q2,commercial_standing_volume_m3,288.66
"Divisional Forest Office, Paro",Q2,commercial_other_volume_m3,3127.93
"Divisional Forest Office, Paro",Q2,commercial_total_royalty_nu,1334016.24
"Divisional Forest Office, Paro",Q2,free_timber_volume_m3,958.58
"Divisional Forest Office, Paro",Q2,free_firewood_volume_m3,0.0
"Divisional Forest Office, Pema Gatshel",Q2,rural_standing_volume_m3,299.37
"Divisional Forest Office, Pema Gatshel",Q2,rural_standing_royalty_nu,2040.0
"Divisional Forest Office, Pema Gatshel",Q2,rural_other_volume_m3,1.97
"Divisional Forest Office, Pema Gatshel",Q2,rural_other_royalty_nu,0.0
"Divisional Forest Office, Pema Gatshel",Q2,commercial_standing_volume_m3,0.0
"Divisional Forest Office, Pema Gatshel",Q2,commercial_other_volume_m3,7.98
"Divisional Forest Office, Pema Gatshel",Q2,commercial_total_royalty_nu,5651.39
"Divisional Forest Office, Pema Gatshel",Q2,free_timber_volume_m3,0.0
"Divisional Forest Office, Pema Gatshel",Q2,free_firewood_volume_m3,0.0
"Divisional Forest Office, Samdrup Jongkhar",Q2,rural_standing_volume_m3,2155.41
"Divisional Forest Office, Samdrup Jongkhar",Q2,rural_standing_royalty_nu,1640.0
"Divisional Forest Office, Samdrup Jongkhar",Q2,rural_other_volume_m3,69.54
"Divisional Forest Office, Samdrup Jongkhar",Q2,rural_other_royalty_nu,200.0
"Divisional Forest Office, Samdrup Jongkhar",Q2,commercial_standing_volume_m3,17.8
"Divisional Forest Office, Samdrup Jongkhar",Q2,commercial_other_volume_m3,83.44
"Divisional Forest Office, Samdrup Jongkhar",Q2,commercial_total_royalty_nu,43195.0
"Divisional Forest Office, Samdrup Jongkhar",Q2,free_timber_volume_m3,0
"Divisional Forest Office, Samdrup Jongkhar",Q2,free_firewood_volume_m3,1043.56
"Divisional Forest Office, Samtse",Q2,rural_standing_volume_m3,184.11
"Divisional Forest Office, Samtse",Q2,rural_standing_royalty_nu,1600.0
"Divisional Forest Office, Samtse",Q2,rural_other_volume_m3,0.0
"Divisional Forest Office, Samtse",Q2,rural_other_royalty_nu,0.0
"Divisional Forest Office, Samtse",Q2,commercial_standing_volume_m3,0.0
"Divisional Forest Office, Samtse",Q2,commercial_other_volume_m3,68.75
"Divisional Forest Office, Samtse",Q2,commercial_total_royalty_nu,30081.18
"Divisional Forest Office, Samtse",Q2,free_timber_volume_m3,0.0
"Divisional Forest Office, Samtse",Q2,free_firewood_volume_m3,0.0
"Divisional Forest Office, Sarpang",Q2,rural_standing_volume_m3,160.06
"Divisional Forest Office, Sarpang",Q2,rural_standing_royalty_nu,840.0
"Divisional Forest Office, Sarpang",Q2,rural_other_volume_m3,0.0
"Divisional Forest Office, Sarpang",Q2,rural_other_royalty_nu,0.0
"Divisional Forest Office, Sarpang",Q2,commercial_standing_volume_m3,1611.57
"Divisional Forest Office, Sarpang",Q2,commercial_other_volume_m3,0.0
"Divisional Forest Office, Sarpang",Q2,commercial_total_royalty_nu,241619.3
"Divisional Forest Office, Sarpang",Q2,free_timber_volume_m3,165.95
"Divisional Forest Office, Sarpang",Q2,free_firewood_volume_m3,16.0
"Divisional Forest Office, Thimphu",Q2,rural_standing_volume_m3,1054.75
"Divisional Forest Office, Thimphu",Q2,rural_standing_royalty_nu,9112.72
"Divisional Forest Office, Thimphu",Q2,rural_other_volume_m3,16.0
"Divisional Forest Office, Thimphu",Q2,rural_other_royalty_nu,160.0
"Divisional Forest Office, Thimphu",Q2,commercial_standing_volume_m3,56.73
"Divisional Forest Office, Thimphu",Q2,commercial_other_volume_m3,1912.91
"Divisional Forest Office, Thimphu",Q2,commercial_total_royalty_nu,642939.52
"Divisional Forest Office, Thimphu",Q2,free_timber_volume_m3,0.0
"Divisional Forest Office, Thimphu",Q2,free_firewood_volume_m3,0.0
"Divisional Forest Office, Trashigang",Q2,rural_standing_volume_m3,517.09
"Divisional Forest Office, Trashigang",Q2,rural_standing_royalty_nu,5720.0
"Divisional Forest Office, Trashigang",Q2,rural_other_volume_m3,0.0
"Divisional Forest Office, Trashigang",Q2,rural_other_royalty_nu,0.0
"Divisional Forest Office, Trashigang",Q2,commercial_standing_volume_m3,0.0
"Divisional Forest Office, Trashigang",Q2,commercial_other_volume_m3,0.0
"Divisional Forest Office, Trashigang",Q2,commercial_total_royalty_nu,0.0
"Divisional Forest Office, Trashigang",Q2,free_timber_volume_m3,0.0
"Divisional Forest Office, Trashigang",Q2,free_firewood_volume_m3,32.0
"Divisional Forest Office, Tsirang",Q2,rural_standing_volume_m3,377.8
"Divisional Forest Office, Tsirang",Q2,rural_standing_royalty_nu,2880.0
"Divisional Forest Office, Tsirang",Q2,rural_other_volume_m3,0.0
"Divisional Forest Office, Tsirang",Q2,rural_other_royalty_nu,0
"Divisional Forest Office, Tsirang",Q2,commercial_standing_volume_m3,0.0
"Divisional Forest Office, Tsirang",Q2,commercial_other_volume_m3,0.0
"Divisional Forest Office, Tsirang",Q2,commercial_total_royalty_nu,0.0
"Divisional Forest Office, Tsirang",Q2,free_timber_volume_m3,0.0
"Divisional Forest Office, Tsirang",Q2,free_firewood_volume_m3,0.0
"Divisional Forest Office, Wangdue",Q2,rural_standing_volume_m3,2110.0
"Divisional Forest Office, Wangdue",Q2,rural_standing_royalty_nu,26610.0
"Divisional Forest Office, Wangdue",Q2,rural_other_volume_m3,120.0
"Divisional Forest Office, Wangdue",Q2,rural_other_royalty_nu,7700.0
"Divisional Forest Office, Wangdue",Q2,commercial_standing_volume_m3,36.15
"Divisional Forest Office, Wangdue",Q2,commercial_other_volume_m3,330.5
"Divisional Forest Office, Wangdue",Q2,commercial_total_royalty_nu,138120.49
"Divisional Forest Office, Wangdue",Q2,free_timber_volume_m3,2230.81
"Divisional Forest Office, Wangdue",Q2,free_firewood_volume_m3,285.75
"Divisional Forest Office, Zhemgang",Q2,rural_standing_volume_m3,78.54
"Divisional Forest Office, Zhemgang",Q2,rural_standing_royalty_nu,1800.0
"Divisional Forest Office, Zhemgang",Q2,rural_other_volume_m3,0.0
"Divisional Forest Office, Zhemgang",Q2,rural_other_royalty_nu,0.0
"Divisional Forest Office, Zhemgang",Q2,commercial_standing_volume_m3,21.3
"Divisional Forest Office, Zhemgang",Q2,commercial_other_volume_m3,18.76
"Divisional Forest Office, Zhemgang",Q2,commercial_total_royalty_nu,12130.0
"Divisional Forest Office, Zhemgang",Q2,free_timber_volume_m3,0.0
"Divisional Forest Office, Zhemgang",Q2,free_firewood_volume_m3,0.0
Bumdeling Wildlife Sanctuary,Q2,rural_standing_volume_m3,23.27
Bumdeling Wildlife Sanctuary,Q2,rural_standing_royalty_nu,600.0
Bumdeling Wildlife Sanctuary,Q2,rural_other_volume_m3,0.0
Bumdeling Wildlife Sanctuary,Q2,rural_other_royalty_nu,0.0
Bumdeling Wildlife Sanctuary,Q2,commercial_standing_volume_m3,7.34
Bumdeling Wildlife Sanctuary,Q2,commercial_other_volume_m3,0.0
Bumdeling Wildlife Sanctuary,Q2,commercial_total_royalty_nu,2776.99
Bumdeling Wildlife Sanctuary,Q2,free_timber_volume_m3,0.0
Bumdeling Wildlife Sanctuary,Q2,free_firewood_volume_m3,0.0
Jigme Dorji National Park,Q2,rural_standing_volume_m3,0
Jigme Dorji National Park,Q2,rural_standing_royalty_nu,0
Jigme Dorji National Park,Q2,rural_other_volume_m3,0
Jigme Dorji National Park,Q2,rural_other_royalty_nu,0
Jigme Dorji National Park,Q2,commercial_standing_volume_m3,0
Jigme Dorji National Park,Q2,commercial_other_volume_m3,0
Jigme Dorji National Park,Q2,commercial_total_royalty_nu,0
Jigme Dorji National Park,Q2,free_timber_volume_m3,0
Jigme Dorji National Park,Q2,free_firewood_volume_m3,0
Jigme Khesar Strict Nature Reserve,Q2,rural_standing_volume_m3,93.46
Jigme Khesar Strict Nature Reserve,Q2,rural_standing_royalty_nu,720.0
Jigme Khesar Strict Nature Reserve,Q2,rural_other_volume_m3,0.0
Jigme Khesar Strict Nature Reserve,Q2,rural_other_royalty_nu,0.0
Jigme Khesar Strict Nature Reserve,Q2,commercial_standing_volume_m3,7.62
Jigme Khesar Strict Nature Reserve,Q2,commercial_other_volume_m3,0.0
Jigme Khesar Strict Nature Reserve,Q2,commercial_total_royalty_nu,4292.01
Jigme Khesar Strict Nature Reserve,Q2,free_timber_volume_m3,39.92
Jigme Khesar Strict Nature Reserve,Q2,free_firewood_volume_m3,0.0
Jigme Singye Wangchuck National Park,Q2,rural_standing_volume_m3,0
Jigme Singye Wangchuck National Park,Q2,rural_standing_royalty_nu,0
Jigme Singye Wangchuck National Park,Q2,rural_other_volume_m3,0
Jigme Singye Wangchuck National Park,Q2,rural_other_royalty_nu,0
Jigme Singye Wangchuck National Park,Q2,commercial_standing_volume_m3,0
Jigme Singye Wangchuck National Park,Q2,commercial_other_volume_m3,0
Jigme Singye Wangchuck National Park,Q2,commercial_total_royalty_nu,0
Jigme Singye Wangchuck National Park,Q2,free_timber_volume_m3,0
Jigme Singye Wangchuck National Park,Q2,free_firewood_volume_m3,0
Jomotsangkha Wildlife Sanctuary,Q2,rural_standing_volume_m3,795.3
Jomotsangkha Wildlife Sanctuary,Q2,rural_standing_royalty_nu,6130.0
Jomotsangkha Wildlife Sanctuary,Q2,rural_other_volume_m3,0.0
Jomotsangkha Wildlife Sanctuary,Q2,rural_other_royalty_nu,0.0
Jomotsangkha Wildlife Sanctuary,Q2,commercial_standing_volume_m3,60.42
Jomotsangkha Wildlife Sanctuary,Q2,commercial_other_volume_m3,16258.16
Jomotsangkha Wildlife Sanctuary,Q2,commercial_total_royalty_nu,93674.05
Jomotsangkha Wildlife Sanctuary,Q2,free_timber_volume_m3,0.0
Jomotsangkha Wildlife Sanctuary,Q2,free_firewood_volume_m3,0.0
Phibsoo Wildlife Sanctuary,Q2,rural_standing_volume_m3,0.0
Phibsoo Wildlife Sanctuary,Q2,rural_standing_royalty_nu,0.0
Phibsoo Wildlife Sanctuary,Q2,rural_other_volume_m3,0.0
Phibsoo Wildlife Sanctuary,Q2,rural_other_royalty_nu,0.0
Phibsoo Wildlife Sanctuary,Q2,commercial_standing_volume_m3,0.0
Phibsoo Wildlife Sanctuary,Q2,commercial_other_volume_m3,0.0
Phibsoo Wildlife Sanctuary,Q2,commercial_total_royalty_nu,0.0
Phibsoo Wildlife Sanctuary,Q2,free_timber_volume_m3,0.0
Phibsoo Wildlife Sanctuary,Q2,free_firewood_volume_m3,0.0
Phrumsengla National Park,Q2,rural_standing_volume_m3,70.89
Phrumsengla National Park,Q2,rural_standing_royalty_nu,1446.0
Phrumsengla National Park,Q2,rural_other_volume_m3,0.0
Phrumsengla National Park,Q2,rural_other_royalty_nu,0.0
Phrumsengla National Park,Q2,commercial_standing_volume_m3,31.09
Phrumsengla National Park,Q2,commercial_other_volume_m3,13.79
Phrumsengla National Park,Q2,commercial_total_royalty_nu,23173.43
Phrumsengla National Park,Q2,free_timber_volume_m3,0.0
Phrumsengla National Park,Q2,free_firewood_volume_m3,0.0
Royal Manas National Park,Q2,rural_standing_volume_m3,44.8
Royal Manas National Park,Q2,rural_standing_royalty_nu,600.0
Royal Manas National Park,Q2,rural_other_volume_m3,0
Royal Manas National Park,Q2,rural_other_royalty_nu,0
Royal Manas National Park,Q2,commercial_standing_volume_m3,9.83
Royal Manas National Park,Q2,commercial_other_volume_m3,0
Royal Manas National Park,Q2,commercial_total_royalty_nu,5564.0
Royal Manas National Park,Q2,free_timber_volume_m3,0
Royal Manas National Park,Q2,free_firewood_volume_m3,0
Sakteng Wildlife Sanctuary,Q2,rural_standing_volume_m3,115.99
Sakteng Wildlife Sanctuary,Q2,rural_standing_royalty_nu,8190.0
Sakteng Wildlife Sanctuary,Q2,rural_other_volume_m3,0.0
Sakteng Wildlife Sanctuary,Q2,rural_other_royalty_nu,0.0
Sakteng Wildlife Sanctuary,Q2,commercial_standing_volume_m3,9.83
Sakteng Wildlife Sanctuary,Q2,commercial_other_volume_m3,0.0
Sakteng Wildlife Sanctuary,Q2,commercial_total_royalty_nu,658.0
Sakteng Wildlife Sanctuary,Q2,free_timber_volume_m3,0.0
Sakteng Wildlife Sanctuary,Q2,free_firewood_volume_m3,0.0
Wangchuck Centennial National Park,Q2,rural_standing_volume_m3,186.86
Wangchuck Centennial National Park,Q2,rural_standing_royalty_nu,1720.0
Wangchuck Centennial National Park,Q2,rural_other_volume_m3,0.0
Wangchuck Centennial National Park,Q2,rural_other_royalty_nu,0.0
Wangchuck Centennial National Park,Q2,commercial_standing_volume_m3,0.0
Wangchuck Centennial National Park,Q2,commercial_other_volume_m3,0.0
Wangchuck Centennial National Park,Q2,commercial_total_royalty_nu,0.0
Wangchuck Centennial National Park,Q2,free_timber_volume_m3,0.0
Wangchuck Centennial National Park,Q2,free_firewood_volume_m3,0.0
"Divisional Forest Office, Bumthang",Q3,rural_standing_volume_m3,1262.68
"Divisional Forest Office, Bumthang",Q3,rural_standing_royalty_nu,14880.0
"Divisional Forest Office, Bumthang",Q3,rural_other_volume_m3,0.0
"Divisional Forest Office, Bumthang",Q3,rural_other_royalty_nu,0.0
"Divisional Forest Office, Bumthang",Q3,commercial_standing_volume_m3,26.33
"Divisional Forest Office, Bumthang",Q3,commercial_other_volume_m3,6165.53
"Divisional Forest Office, Bumthang",Q3,commercial_total_royalty_nu,2709162.42
"Divisional Forest Office, Bumthang",Q3,free_timber_volume_m3,144.2
"Divisional Forest Office, Bumthang",Q3,free_firewood_volume_m3,0.0
"Divisional Forest Office, Dagana",Q3,rural_standing_volume_m3,97.57
"Divisional Forest Office, Dagana",Q3,rural_standing_royalty_nu,850.0
"Divisional Forest Office, Dagana",Q3,rural_other_volume_m3,3.35
"Divisional Forest Office, Dagana",Q3,rural_other_royalty_nu,200.0
"Divisional Forest Office, Dagana",Q3,commercial_standing_volume_m3,0.0
"Divisional Forest Office, Dagana",Q3,commercial_other_volume_m3,13.9
"Divisional Forest Office, Dagana",Q3,commercial_total_royalty_nu,6552.56
"Divisional Forest Office, Dagana",Q3,free_timber_volume_m3,0.0
"Divisional Forest Office, Dagana",Q3,free_firewood_volume_m3,0.0
"Divisional Forest Office, Gedu",Q3,rural_standing_volume_m3,415.39
"Divisional Forest Office, Gedu",Q3,rural_standing_royalty_nu,2932.0
"Divisional Forest Office, Gedu",Q3,rural_other_volume_m3,0.0
"Divisional Forest Office, Gedu",Q3,rural_other_royalty_nu,0.0
"Divisional Forest Office, Gedu",Q3,commercial_standing_volume_m3,26.86
"Divisional Forest Office, Gedu",Q3,commercial_other_volume_m3,98.87
"Divisional Forest Office, Gedu",Q3,commercial_total_royalty_nu,19622.61
"Divisional Forest Office, Gedu",Q3,free_timber_volume_m3,42.36
"Divisional Forest Office, Gedu",Q3,free_firewood_volume_m3,0.0
"Divisional Forest Office, Mongar",Q3,rural_standing_volume_m3,575.25
"Divisional Forest Office, Mongar",Q3,rural_standing_royalty_nu,9778.6
"Divisional Forest Office, Mongar",Q3,rural_other_volume_m3,151.97
"Divisional Forest Office, Mongar",Q3,rural_other_royalty_nu,530
"Divisional Forest Office, Mongar",Q3,commercial_standing_volume_m3,11.79
"Divisional Forest Office, Mongar",Q3,commercial_other_volume_m3,794.5
"Divisional Forest Office, Mongar",Q3,commercial_total_royalty_nu,184799.54
"Divisional Forest Office, Mongar",Q3,free_timber_volume_m3,5.35
"Divisional Forest Office, Mongar",Q3,free_firewood_volume_m3,0
"Divisional Forest Office, Paro",Q3,rural_standing_volume_m3,962.45
"Divisional Forest Office, Paro",Q3,rural_standing_royalty_nu,8852.0
"Divisional Forest Office, Paro",Q3,rural_other_volume_m3,8.0
"Divisional Forest Office, Paro",Q3,rural_other_royalty_nu,200.0
"Divisional Forest Office, Paro",Q3,commercial_standing_volume_m3,442.05
"Divisional Forest Office, Paro",Q3,commercial_other_volume_m3,780.77
"Divisional Forest Office, Paro",Q3,commercial_total_royalty_nu,105673.0
"Divisional Forest Office, Paro",Q3,free_timber_volume_m3,1300.02
"Divisional Forest Office, Paro",Q3,free_firewood_volume_m3,0.0
"Divisional Forest Office, Pema Gatshel",Q3,rural_standing_volume_m3,136.51
"Divisional Forest Office, Pema Gatshel",Q3,rural_standing_royalty_nu,1600.0
"Divisional Forest Office, Pema Gatshel",Q3,rural_other_volume_m3,5.93
"Divisional Forest Office, Pema Gatshel",Q3,rural_other_royalty_nu,150.0
"Divisional Forest Office, Pema Gatshel",Q3,commercial_standing_volume_m3,0.0
"Divisional Forest Office, Pema Gatshel",Q3,commercial_other_volume_m3,13.9
"Divisional Forest Office, Pema Gatshel",Q3,commercial_total_royalty_nu,8076.22
"Divisional Forest Office, Pema Gatshel",Q3,free_timber_volume_m3,0
"Divisional Forest Office, Pema Gatshel",Q3,free_firewood_volume_m3,0
"Divisional Forest Office, Samdrup Jongkhar",Q3,rural_standing_volume_m3,160.92
"Divisional Forest Office, Samdrup Jongkhar",Q3,rural_standing_royalty_nu,1480.0
"Divisional Forest Office, Samdrup Jongkhar",Q3,rural_other_volume_m3,0
"Divisional Forest Office, Samdrup Jongkhar",Q3,rural_other_royalty_nu,173.34
"Divisional Forest Office, Samdrup Jongkhar",Q3,commercial_standing_volume_m3,30.05
"Divisional Forest Office, Samdrup Jongkhar",Q3,commercial_other_volume_m3,19.84
"Divisional Forest Office, Samdrup Jongkhar",Q3,commercial_total_royalty_nu,16078.5
"Divisional Forest Office, Samdrup Jongkhar",Q3,free_timber_volume_m3,0.0
"Divisional Forest Office, Samdrup Jongkhar",Q3,free_firewood_volume_m3,1593.88
"Divisional Forest Office, Samtse",Q3,rural_standing_volume_m3,287.32
"Divisional Forest Office, Samtse",Q3,rural_standing_royalty_nu,4267.0
"Divisional Forest Office, Samtse",Q3,rural_other_volume_m3,92.0
"Divisional Forest Office, Samtse",Q3,rural_other_royalty_nu,2340.0
"Divisional Forest Office, Samtse",Q3,commercial_standing_volume_m3,306.42
"Divisional Forest Office, Samtse",Q3,commercial_other_volume_m3,906.02
"Divisional Forest Office, Samtse",Q3,commercial_total_royalty_nu,172981.83
"Divisional Forest Office, Samtse",Q3,free_timber_volume_m3,0.0
"Divisional Forest Office, Samtse",Q3,free_firewood_volume_m3,3.03
"Divisional Forest Office, Sarpang",Q3,rural_standing_volume_m3,313.5
"Divisional Forest Office, Sarpang",Q3,rural_standing_royalty_nu,2720.0
"Divisional Forest Office, Sarpang",Q3,rural_other_volume_m3,0.0
"Divisional Forest Office, Sarpang",Q3,rural_other_royalty_nu,0.0
"Divisional Forest Office, Sarpang",Q3,commercial_standing_volume_m3,0.0
"Divisional Forest Office, Sarpang",Q3,commercial_other_volume_m3,389.53
"Divisional Forest Office, Sarpang",Q3,commercial_total_royalty_nu,188926.59
"Divisional Forest Office, Sarpang",Q3,free_timber_volume_m3,73.94
"Divisional Forest Office, Sarpang",Q3,free_firewood_volume_m3,1621.0
"Divisional Forest Office, Thimphu",Q3,rural_standing_volume_m3,782.29
"Divisional Forest Office, Thimphu",Q3,rural_standing_royalty_nu,5799.74
"Divisional Forest Office, Thimphu",Q3,rural_other_volume_m3,4.0
"Divisional Forest Office, Thimphu",Q3,rural_other_royalty_nu,65.0
"Divisional Forest Office, Thimphu",Q3,commercial_standing_volume_m3,86.05
"Divisional Forest Office, Thimphu",Q3,commercial_other_volume_m3,756.99
"Divisional Forest Office, Thimphu",Q3,commercial_total_royalty_nu,291112.03
"Divisional Forest Office, Thimphu",Q3,free_timber_volume_m3,0.0
"Divisional Forest Office, Thimphu",Q3,free_firewood_volume_m3,0.0
"Divisional Forest Office, Trashigang",Q3,rural_standing_volume_m3,340.58
"Divisional Forest Office, Trashigang",Q3,rural_standing_royalty_nu,4200.0
"Divisional Forest Office, Trashigang",Q3,rural_other_volume_m3,0.0
"Divisional Forest Office, Trashigang",Q3,rural_other_royalty_nu,0.0
"Divisional Forest Office, Trashigang",Q3,commercial_standing_volume_m3,0.0
"Divisional Forest Office, Trashigang",Q3,commercial_other_volume_m3,4.02
"Divisional Forest Office, Trashigang",Q3,commercial_total_royalty_nu,2453.46
"Divisional Forest Office, Trashigang",Q3,free_timber_volume_m3,1.96
"Divisional Forest Office, Trashigang",Q3,free_firewood_volume_m3,0.0
"Divisional Forest Office, Tsirang",Q3,rural_standing_volume_m3,271.63
"Divisional Forest Office, Tsirang",Q3,rural_standing_royalty_nu,1840.0
"Divisional Forest Office, Tsirang",Q3,rural_other_volume_m3,0.0
"Divisional Forest Office, Tsirang",Q3,rural_other_royalty_nu,0.0
"Divisional Forest Office, Tsirang",Q3,commercial_standing_volume_m3,0.0
"Divisional Forest Office, Tsirang",Q3,commercial_other_volume_m3,37.41
"Divisional Forest Office, Tsirang",Q3,commercial_total_royalty_nu,86.0
"Divisional Forest Office, Tsirang",Q3,free_timber_volume_m3,0.0
"Divisional Forest Office, Tsirang",Q3,free_firewood_volume_m3,0.0
"Divisional Forest Office, Wangdue",Q3,rural_standing_volume_m3,98.54
"Divisional Forest Office, Wangdue",Q3,rural_standing_royalty_nu,880.0
"Divisional Forest Office, Wangdue",Q3,rural_other_volume_m3,0
"Divisional Forest Office, Wangdue",Q3,rural_other_royalty_nu,0
"Divisional Forest Office, Wangdue",Q3,commercial_standing_volume_m3,9.14
"Divisional Forest Office, Wangdue",Q3,commercial_other_volume_m3,223.75
"Divisional Forest Office, Wangdue",Q3,commercial_total_royalty_nu,101600.51
"Divisional Forest Office, Wangdue",Q3,free_timber_volume_m3,0.0
"Divisional Forest Office, Wangdue",Q3,free_firewood_volume_m3,0.0
"Divisional Forest Office, Zhemgang",Q3,rural_standing_volume_m3,98.21
"Divisional Forest Office, Zhemgang",Q3,rural_standing_royalty_nu,1600.0
"Divisional Forest Office, Zhemgang",Q3,rural_other_volume_m3,0.0
"Divisional Forest Office, Zhemgang",Q3,rural_other_royalty_nu,0.0
"Divisional Forest Office, Zhemgang",Q3,commercial_standing_volume_m3,4.29
"Divisional Forest Office, Zhemgang",Q3,commercial_other_volume_m3,11.83
"Divisional Forest Office, Zhemgang",Q3,commercial_total_royalty_nu,9076.5
"Divisional Forest Office, Zhemgang",Q3,free_timber_volume_m3,0.0
"Divisional Forest Office, Zhemgang",Q3,free_firewood_volume_m3,48.0
Bumdeling Wildlife Sanctuary,Q3,rural_standing_volume_m3,18.88
Bumdeling Wildlife Sanctuary,Q3,rural_standing_royalty_nu,120.0
Bumdeling Wildlife Sanctuary,Q3,rural_other_volume_m3,0.0
Bumdeling Wildlife Sanctuary,Q3,rural_other_royalty_nu,0.0
Bumdeling Wildlife Sanctuary,Q3,commercial_standing_volume_m3,144.18
Bumdeling Wildlife Sanctuary,Q3,commercial_other_volume_m3,0.0
Bumdeling Wildlife Sanctuary,Q3,commercial_total_royalty_nu,52038.87
Bumdeling Wildlife Sanctuary,Q3,free_timber_volume_m3,0.0
Bumdeling Wildlife Sanctuary,Q3,free_firewood_volume_m3,0.0
Jigme Dorji National Park,Q3,rural_standing_volume_m3,88.41
Jigme Dorji National Park,Q3,rural_standing_royalty_nu,1010.0
Jigme Dorji National Park,Q3,rural_other_volume_m3,108.07
Jigme Dorji National Park,Q3,rural_other_royalty_nu,3859.54
Jigme Dorji National Park,Q3,commercial_standing_volume_m3,2.68
Jigme Dorji National Park,Q3,commercial_other_volume_m3,0.0
Jigme Dorji National Park,Q3,commercial_total_royalty_nu,924.0
Jigme Dorji National Park,Q3,free_timber_volume_m3,0.0
Jigme Dorji National Park,Q3,free_firewood_volume_m3,0.0
Jigme Khesar Strict Nature Reserve,Q3,rural_standing_volume_m3,121.3
Jigme Khesar Strict Nature Reserve,Q3,rural_standing_royalty_nu,1240.0
Jigme Khesar Strict Nature Reserve,Q3,rural_other_volume_m3,0.0
Jigme Khesar Strict Nature Reserve,Q3,rural_other_royalty_nu,0.0
Jigme Khesar Strict Nature Reserve,Q3,commercial_standing_volume_m3,0.0
Jigme Khesar Strict Nature Reserve,Q3,commercial_other_volume_m3,0.0
Jigme Khesar Strict Nature Reserve,Q3,commercial_total_royalty_nu,0.0
Jigme Khesar Strict Nature Reserve,Q3,free_timber_volume_m3,0.65
Jigme Khesar Strict Nature Reserve,Q3,free_firewood_volume_m3,0.0
Jigme Singye Wangchuck National Park,Q3,rural_standing_volume_m3,24.54
Jigme Singye Wangchuck National Park,Q3,rural_standing_royalty_nu,360.0
Jigme Singye Wangchuck National Park,Q3,rural_other_volume_m3,0.0
Jigme Singye Wangchuck National Park,Q3,rural_other_royalty_nu,0.0
Jigme Singye Wangchuck National Park,Q3,commercial_standing_volume_m3,0.0
Jigme Singye Wangchuck National Park,Q3,commercial_other_volume_m3,0.0
Jigme Singye Wangchuck National Park,Q3,commercial_total_royalty_nu,0.0
Jigme Singye Wangchuck National Park,Q3,free_timber_volume_m3,0.0
Jigme Singye Wangchuck National Park,Q3,free_firewood_volume_m3,0.0
Jomotsangkha Wildlife Sanctuary,Q3,rural_standing_volume_m3,149.27
Jomotsangkha Wildlife Sanctuary,Q3,rural_standing_royalty_nu,1240.0
Jomotsangkha Wildlife Sanctuary,Q3,rural_other_volume_m3,0.0
Jomotsangkha Wildlife Sanctuary,Q3,rural_other_royalty_nu,0.0
Jomotsangkha Wildlife Sanctuary,Q3,commercial_standing_volume_m3,16.44
Jomotsangkha Wildlife Sanctuary,Q3,commercial_other_volume_m3,44.91
Jomotsangkha Wildlife Sanctuary,Q3,commercial_total_royalty_nu,27197.93
Jomotsangkha Wildlife Sanctuary,Q3,free_timber_volume_m3,0.0
Jomotsangkha Wildlife Sanctuary,Q3,free_firewood_volume_m3,0.0
Phibsoo Wildlife Sanctuary,Q3,rural_standing_volume_m3,9.89
Phibsoo Wildlife Sanctuary,Q3,rural_standing_royalty_nu,160.0
Phibsoo Wildlife Sanctuary,Q3,rural_other_volume_m3,0.0
Phibsoo Wildlife Sanctuary,Q3,rural_other_royalty_nu,0.0
Phibsoo Wildlife Sanctuary,Q3,commercial_standing_volume_m3,0.0
Phibsoo Wildlife Sanctuary,Q3,commercial_other_volume_m3,0.0
Phibsoo Wildlife Sanctuary,Q3,commercial_total_royalty_nu,0.0
Phibsoo Wildlife Sanctuary,Q3,free_timber_volume_m3,0.0
Phibsoo Wildlife Sanctuary,Q3,free_firewood_volume_m3,0.0
Phrumsengla National Park,Q3,rural_standing_volume_m3,117.64
Phrumsengla National Park,Q3,rural_standing_royalty_nu,1619.0
Phrumsengla National Park,Q3,rural_other_volume_m3,0.0
Phrumsengla National Park,Q3,rural_other_royalty_nu,0.0
Phrumsengla National Park,Q3,commercial_standing_volume_m3,9.25
Phrumsengla National Park,Q3,commercial_other_volume_m3,8.94
Phrumsengla National Park,Q3,commercial_total_royalty_nu,5599.33
Phrumsengla National Park,Q3,free_timber_volume_m3,4.55
Phrumsengla National Park,Q3,free_firewood_volume_m3,0.0
Royal Manas National Park,Q3,rural_standing_volume_m3,37.73
Royal Manas National Park,Q3,rural_standing_royalty_nu,415.0
Royal Manas National Park,Q3,rural_other_volume_m3,0.0
Royal Manas National Park,Q3,rural_other_royalty_nu,0.0
Royal Manas National Park,Q3,commercial_standing_volume_m3,3.0
Royal Manas National Park,Q3,commercial_other_volume_m3,0.0
Royal Manas National Park,Q3,commercial_total_royalty_nu,200.0
Royal Manas National Park,Q3,free_timber_volume_m3,0.0
Royal Manas National Park,Q3,free_firewood_volume_m3,0.0
Sakteng Wildlife Sanctuary,Q3,rural_standing_volume_m3,90.72
Sakteng Wildlife Sanctuary,Q3,rural_standing_royalty_nu,1160.0
Sakteng Wildlife Sanctuary,Q3,rural_other_volume_m3,0.0
Sakteng Wildlife Sanctuary,Q3,rural_other_royalty_nu,0.0
Sakteng Wildlife Sanctuary,Q3,commercial_standing_volume_m3,0.0
Sakteng Wildlife Sanctuary,Q3,commercial_other_volume_m3,0
Sakteng Wildlife Sanctuary,Q3,commercial_total_royalty_nu,200.0
Sakteng Wildlife Sanctuary,Q3,free_timber_volume_m3,0.0
Sakteng Wildlife Sanctuary,Q3,free_firewood_volume_m3,0.0
Wangchuck Centennial National Park,Q3,rural_standing_volume_m3,162.02
Wangchuck Centennial National Park,Q3,rural_standing_royalty_nu,1440.0
Wangchuck Centennial National Park,Q3,rural_other_volume_m3,0.0
Wangchuck Centennial National Park,Q3,rural_other_royalty_nu,0.0
Wangchuck Centennial National Park,Q3,commercial_standing_volume_m3,0.0
Wangchuck Centennial National Park,Q3,commercial_other_volume_m3,0.87
Wangchuck Centennial National Park,Q3,commercial_total_royalty_nu,555.48
Wangchuck Centennial National Park,Q3,free_timber_volume_m3,0.0
Wangchuck Centennial National Park,Q3,free_firewood_volume_m3,0.0
"Divisional Forest Office, Bumthang",Q4,rural_standing_volume_m3,1933.03
"Divisional Forest Office, Bumthang",Q4,rural_standing_royalty_nu,24620.0
"Divisional Forest Office, Bumthang",Q4,rural_other_volume_m3,0.0
"Divisional Forest Office, Bumthang",Q4,rural_other_royalty_nu,0
"Divisional Forest Office, Bumthang",Q4,commercial_standing_volume_m3,260.37
"Divisional Forest Office, Bumthang",Q4,commercial_other_volume_m3,39816.43
"Divisional Forest Office, Bumthang",Q4,commercial_total_royalty_nu,12664704.15
"Divisional Forest Office, Bumthang",Q4,free_timber_volume_m3,0
"Divisional Forest Office, Bumthang",Q4,free_firewood_volume_m3,0
"Divisional Forest Office, Dagana",Q4,rural_standing_volume_m3,425.71
"Divisional Forest Office, Dagana",Q4,rural_standing_royalty_nu,2320.0
"Divisional Forest Office, Dagana",Q4,rural_other_volume_m3,0.0
"Divisional Forest Office, Dagana",Q4,rural_other_royalty_nu,0.0
"Divisional Forest Office, Dagana",Q4,commercial_standing_volume_m3,20.25
"Divisional Forest Office, Dagana",Q4,commercial_other_volume_m3,0.0
"Divisional Forest Office, Dagana",Q4,commercial_total_royalty_nu,3210.0
"Divisional Forest Office, Dagana",Q4,free_timber_volume_m3,0.0
"Divisional Forest Office, Dagana",Q4,free_firewood_volume_m3,0.0
"Divisional Forest Office, Gedu",Q4,rural_standing_volume_m3,0
"Divisional Forest Office, Gedu",Q4,rural_standing_royalty_nu,0
"Divisional Forest Office, Gedu",Q4,rural_other_volume_m3,0
"Divisional Forest Office, Gedu",Q4,rural_other_royalty_nu,0
"Divisional Forest Office, Gedu",Q4,commercial_standing_volume_m3,0
"Divisional Forest Office, Gedu",Q4,commercial_other_volume_m3,0
"Divisional Forest Office, Gedu",Q4,commercial_total_royalty_nu,0
"Divisional Forest Office, Gedu",Q4,free_timber_volume_m3,0
"Divisional Forest Office, Gedu",Q4,free_firewood_volume_m3,0
"Divisional Forest Office, Mongar",Q4,rural_standing_volume_m3,2057.54
"Divisional Forest Office, Mongar",Q4,rural_standing_royalty_nu,16240.0
"Divisional Forest Office, Mongar",Q4,rural_other_volume_m3,13.44
"Divisional Forest Office, Mongar",Q4,rural_other_royalty_nu,800.0
"Divisional Forest Office, Mongar",Q4,commercial_standing_volume_m3,11.97
"Divisional Forest Office, Mongar",Q4,commercial_other_volume_m3,0.59
"Divisional Forest Office, Mongar",Q4,commercial_total_royalty_nu,2864.24
"Divisional Forest Office, Mongar",Q4,free_timber_volume_m3,44.78
"Divisional Forest Office, Mongar",Q4,free_firewood_volume_m3,0
"Divisional Forest Office, Paro",Q4,rural_standing_volume_m3,1874.46
"Divisional Forest Office, Paro",Q4,rural_standing_royalty_nu,18008.0
"Divisional Forest Office, Paro",Q4,rural_other_volume_m3,0.0
"Divisional Forest Office, Paro",Q4,rural_other_royalty_nu,5672.0
"Divisional Forest Office, Paro",Q4,commercial_standing_volume_m3,1122.35
"Divisional Forest Office, Paro",Q4,commercial_other_volume_m3,0.98
"Divisional Forest Office, Paro",Q4,commercial_total_royalty_nu,458380.37
"Divisional Forest Office, Paro",Q4,free_timber_volume_m3,656.27
"Divisional Forest Office, Paro",Q4,free_firewood_volume_m3,0.0
"Divisional Forest Office, Pema Gatshel",Q4,rural_standing_volume_m3,506.8
"Divisional Forest Office, Pema Gatshel",Q4,rural_standing_royalty_nu,9870.0
"Divisional Forest Office, Pema Gatshel",Q4,rural_other_volume_m3,16.0
"Divisional Forest Office, Pema Gatshel",Q4,rural_other_royalty_nu,360.0
"Divisional Forest Office, Pema Gatshel",Q4,commercial_standing_volume_m3,0.0
"Divisional Forest Office, Pema Gatshel",Q4,commercial_other_volume_m3,973.76
"Divisional Forest Office, Pema Gatshel",Q4,commercial_total_royalty_nu,58615.48
"Divisional Forest Office, Pema Gatshel",Q4,free_timber_volume_m3,0.0
"Divisional Forest Office, Pema Gatshel",Q4,free_firewood_volume_m3,0.0
"Divisional Forest Office, Samdrup Jongkhar",Q4,rural_standing_volume_m3,157.1
"Divisional Forest Office, Samdrup Jongkhar",Q4,rural_standing_royalty_nu,2780.0
"Divisional Forest Office, Samdrup Jongkhar",Q4,rural_other_volume_m3,312.0
"Divisional Forest Office, Samdrup Jongkhar",Q4,rural_other_royalty_nu,3780.0
"Divisional Forest Office, Samdrup Jongkhar",Q4,commercial_standing_volume_m3,0.0
"Divisional Forest Office, Samdrup Jongkhar",Q4,commercial_other_volume_m3,66.68
"Divisional Forest Office, Samdrup Jongkhar",Q4,commercial_total_royalty_nu,22127.55
"Divisional Forest Office, Samdrup Jongkhar",Q4,free_timber_volume_m3,1313.78
"Divisional Forest Office, Samdrup Jongkhar",Q4,free_firewood_volume_m3,0.0
"Divisional Forest Office, Samtse",Q4,rural_standing_volume_m3,0
"Divisional Forest Office, Samtse",Q4,rural_standing_royalty_nu,0
"Divisional Forest Office, Samtse",Q4,rural_other_volume_m3,0
"Divisional Forest Office, Samtse",Q4,rural_other_royalty_nu,0
"Divisional Forest Office, Samtse",Q4,commercial_standing_volume_m3,0
"Divisional Forest Office, Samtse",Q4,commercial_other_volume_m3,0
"Divisional Forest Office, Samtse",Q4,commercial_total_royalty_nu,0
"Divisional Forest Office, Samtse",Q4,free_timber_volume_m3,0
"Divisional Forest Office, Samtse",Q4,free_firewood_volume_m3,0
"Divisional Forest Office, Sarpang",Q4,rural_standing_volume_m3,1058.24
"Divisional Forest Office, Sarpang",Q4,rural_standing_royalty_nu,2120.0
"Divisional Forest Office, Sarpang",Q4,rural_other_volume_m3,0.0
"Divisional Forest Office, Sarpang",Q4,rural_other_royalty_nu,0.0
"Divisional Forest Office, Sarpang",Q4,commercial_standing_volume_m3,0.0
"Divisional Forest Office, Sarpang",Q4,commercial_other_volume_m3,305.7
"Divisional Forest Office, Sarpang",Q4,commercial_total_royalty_nu,708.6
"Divisional Forest Office, Sarpang",Q4,free_timber_volume_m3,113.48
"Divisional Forest Office, Sarpang",Q4,free_firewood_volume_m3,79.54
"Divisional Forest Office, Thimphu",Q4,rural_standing_volume_m3,984.93
"Divisional Forest Office, Thimphu",Q4,rural_standing_royalty_nu,5554.0
"Divisional Forest Office, Thimphu",Q4,rural_other_volume_m3,89.34
"Divisional Forest Office, Thimphu",Q4,rural_other_royalty_nu,2403.94
"Divisional Forest Office, Thimphu",Q4,commercial_standing_volume_m3,71.68
"Divisional Forest Office, Thimphu",Q4,commercial_other_volume_m3,2213.6
"Divisional Forest Office, Thimphu",Q4,commercial_total_royalty_nu,865983.42
"Divisional Forest Office, Thimphu",Q4,free_timber_volume_m3,0.0
"Divisional Forest Office, Thimphu",Q4,free_firewood_volume_m3,0.0
"Divisional Forest Office, Trashigang",Q4,rural_standing_volume_m3,0
"Divisional Forest Office, Trashigang",Q4,rural_standing_royalty_nu,0
"Divisional Forest Office, Trashigang",Q4,rural_other_volume_m3,0
"Divisional Forest Office, Trashigang",Q4,rural_other_royalty_nu,0
"Divisional Forest Office, Trashigang",Q4,commercial_standing_volume_m3,0
"Divisional Forest Office, Trashigang",Q4,commercial_other_volume_m3,0
"Divisional Forest Office, Trashigang",Q4,commercial_total_royalty_nu,0
"Divisional Forest Office, Trashigang",Q4,free_timber_volume_m3,0
"Divisional Forest Office, Trashigang",Q4,free_firewood_volume_m3,0
"Divisional Forest Office, Tsirang",Q4,rural_standing_volume_m3,463.15
"Divisional Forest Office, Tsirang",Q4,rural_standing_royalty_nu,12150.0
"Divisional Forest Office, Tsirang",Q4,rural_other_volume_m3,56.73
"Divisional Forest Office, Tsirang",Q4,rural_other_royalty_nu,1290.0
"Divisional Forest Office, Tsirang",Q4,commercial_standing_volume_m3,0.0
"Divisional Forest Office, Tsirang",Q4,commercial_other_volume_m3,176.99
"Divisional Forest Office, Tsirang",Q4,commercial_total_royalty_nu,45381.68
"Divisional Forest Office, Tsirang",Q4,free_timber_volume_m3,0.0
"Divisional Forest Office, Tsirang",Q4,free_firewood_volume_m3,0.0
"Divisional Forest Office, Wangdue",Q4,rural_standing_volume_m3,1114.65
"Divisional Forest Office, Wangdue",Q4,rural_standing_royalty_nu,18308.0
"Divisional Forest Office, Wangdue",Q4,rural_other_volume_m3,39.96
"Divisional Forest Office, Wangdue",Q4,rural_other_royalty_nu,5720.0
"Divisional Forest Office, Wangdue",Q4,commercial_standing_volume_m3,8.56
"Divisional Forest Office, Wangdue",Q4,commercial_other_volume_m3,1649.59
"Divisional Forest Office, Wangdue",Q4,commercial_total_royalty_nu,1300808.91
"Divisional Forest Office, Wangdue",Q4,free_timber_volume_m3,0.0
"Divisional Forest Office, Wangdue",Q4,free_firewood_volume_m3,0.0
"Divisional Forest Office, Zhemgang",Q4,rural_standing_volume_m3,174.09
"Divisional Forest Office, Zhemgang",Q4,rural_standing_royalty_nu,2392.0
"Divisional Forest Office, Zhemgang",Q4,rural_other_volume_m3,0.0
"Divisional Forest Office, Zhemgang",Q4,rural_other_royalty_nu,0.0
"Divisional Forest Office, Zhemgang",Q4,commercial_standing_volume_m3,101.78
"Divisional Forest Office, Zhemgang",Q4,commercial_other_volume_m3,7.35
"Divisional Forest Office, Zhemgang",Q4,commercial_total_royalty_nu,10187.15
"Divisional Forest Office, Zhemgang",Q4,free_timber_volume_m3,168.18
"Divisional Forest Office, Zhemgang",Q4,free_firewood_volume_m3,62.6
Bumdeling Wildlife Sanctuary,Q4,rural_standing_volume_m3,79.34
Bumdeling Wildlife Sanctuary,Q4,rural_standing_royalty_nu,680.0
Bumdeling Wildlife Sanctuary,Q4,rural_other_volume_m3,0
Bumdeling Wildlife Sanctuary,Q4,rural_other_royalty_nu,0
Bumdeling Wildlife Sanctuary,Q4,commercial_standing_volume_m3,28.14
Bumdeling Wildlife Sanctuary,Q4,commercial_other_volume_m3,24.73
Bumdeling Wildlife Sanctuary,Q4,commercial_total_royalty_nu,29614.89
Bumdeling Wildlife Sanctuary,Q4,free_timber_volume_m3,0
Bumdeling Wildlife Sanctuary,Q4,free_firewood_volume_m3,0
Jigme Dorji National Park,Q4,rural_standing_volume_m3,731.02
Jigme Dorji National Park,Q4,rural_standing_royalty_nu,6320.0
Jigme Dorji National Park,Q4,rural_other_volume_m3,0.0
Jigme Dorji National Park,Q4,rural_other_royalty_nu,0.0
Jigme Dorji National Park,Q4,commercial_standing_volume_m3,488.03
Jigme Dorji National Park,Q4,commercial_other_volume_m3,0.0
Jigme Dorji National Park,Q4,commercial_total_royalty_nu,187501.49
Jigme Dorji National Park,Q4,free_timber_volume_m3,0.0
Jigme Dorji National Park,Q4,free_firewood_volume_m3,0.0
Jigme Khesar Strict Nature Reserve,Q4,rural_standing_volume_m3,257.82
Jigme Khesar Strict Nature Reserve,Q4,rural_standing_royalty_nu,2272.0
Jigme Khesar Strict Nature Reserve,Q4,rural_other_volume_m3,0.0
Jigme Khesar Strict Nature Reserve,Q4,rural_other_royalty_nu,0.0
Jigme Khesar Strict Nature Reserve,Q4,commercial_standing_volume_m3,50.13
Jigme Khesar Strict Nature Reserve,Q4,commercial_other_volume_m3,0.0
Jigme Khesar Strict Nature Reserve,Q4,commercial_total_royalty_nu,8054.0
Jigme Khesar Strict Nature Reserve,Q4,free_timber_volume_m3,2.35
Jigme Khesar Strict Nature Reserve,Q4,free_firewood_volume_m3,0.0
Jigme Singye Wangchuck National Park,Q4,rural_standing_volume_m3,0
Jigme Singye Wangchuck National Park,Q4,rural_standing_royalty_nu,0
Jigme Singye Wangchuck National Park,Q4,rural_other_volume_m3,0
Jigme Singye Wangchuck National Park,Q4,rural_other_royalty_nu,0
Jigme Singye Wangchuck National Park,Q4,commercial_standing_volume_m3,0
Jigme Singye Wangchuck National Park,Q4,commercial_other_volume_m3,0
Jigme Singye Wangchuck National Park,Q4,commercial_total_royalty_nu,0
Jigme Singye Wangchuck National Park,Q4,free_timber_volume_m3,0
Jigme Singye Wangchuck National Park,Q4,free_firewood_volume_m3,0
Jomotsangkha Wildlife Sanctuary,Q4,rural_standing_volume_m3,0
Jomotsangkha Wildlife Sanctuary,Q4,rural_standing_royalty_nu,0
Jomotsangkha Wildlife Sanctuary,Q4,rural_other_volume_m3,0
Jomotsangkha Wildlife Sanctuary,Q4,rural_other_royalty_nu,0
Jomotsangkha Wildlife Sanctuary,Q4,commercial_standing_volume_m3,0
Jomotsangkha Wildlife Sanctuary,Q4,commercial_other_volume_m3,0
Jomotsangkha Wildlife Sanctuary,Q4,commercial_total_royalty_nu,0
Jomotsangkha Wildlife Sanctuary,Q4,free_timber_volume_m3,0
Jomotsangkha Wildlife Sanctuary,Q4,free_firewood_volume_m3,0
Phibsoo Wildlife Sanctuary,Q4,rural_standing_volume_m3,0
Phibsoo Wildlife Sanctuary,Q4,rural_standing_royalty_nu,0
Phibsoo Wildlife Sanctuary,Q4,rural_other_volume_m3,0
Phibsoo Wildlife Sanctuary,Q4,rural_other_royalty_nu,0
Phibsoo Wildlife Sanctuary,Q4,commercial_standing_volume_m3,0
Phibsoo Wildlife Sanctuary,Q4,commercial_other_volume_m3,0
Phibsoo Wildlife Sanctuary,Q4,commercial_total_royalty_nu,0
Phibsoo Wildlife Sanctuary,Q4,free_timber_volume_m3,0
Phibsoo Wildlife Sanctuary,Q4,free_firewood_volume_m3,0
Phrumsengla National Park,Q4,rural_standing_volume_m3,346.29
Phrumsengla National Park,Q4,rural_standing_royalty_nu,3272.02
Phrumsengla National Park,Q4,rural_other_volume_m3,0.0
Phrumsengla National Park,Q4,rural_other_royalty_nu,0.0
Phrumsengla National Park,Q4,commercial_standing_volume_m3,16.74
Phrumsengla National Park,Q4,commercial_other_volume_m3,30.87
Phrumsengla National Park,Q4,commercial_total_royalty_nu,15960.03
Phrumsengla National Park,Q4,free_timber_volume_m3,102.88
Phrumsengla National Park,Q4,free_firewood_volume_m3,54.71
Royal Manas National Park,Q4,rural_standing_volume_m3,135.9
Royal Manas National Park,Q4,rural_standing_royalty_nu,1270.0
Royal Manas National Park,Q4,rural_other_volume_m3,0.0
Royal Manas National Park,Q4,rural_other_royalty_nu,0.0
Royal Manas National Park,Q4,commercial_standing_volume_m3,4730.15
Royal Manas National Park,Q4,commercial_other_volume_m3,0.0
Royal Manas National Park,Q4,commercial_total_royalty_nu,60034.26
Royal Manas National Park,Q4,free_timber_volume_m3,0.0
Royal Manas National Park,Q4,free_firewood_volume_m3,0.0
Sakteng Wildlife Sanctuary,Q4,rural_standing_volume_m3,148.39
Sakteng Wildlife Sanctuary,Q4,rural_standing_royalty_nu,2429.0
Sakteng Wildlife Sanctuary,Q4,rural_other_volume_m3,0.0
Sakteng Wildlife Sanctuary,Q4,rural_other_royalty_nu,0.0
Sakteng Wildlife Sanctuary,Q4,commercial_standing_volume_m3,62.83
Sakteng Wildlife Sanctuary,Q4,commercial_other_volume_m3,81.41
Sakteng Wildlife Sanctuary,Q4,commercial_total_royalty_nu,7018.0
Sakteng Wildlife Sanctuary,Q4,free_timber_volume_m3,0.0
Sakteng Wildlife Sanctuary,Q4,free_firewood_volume_m3,0.0
Wangchuck Centennial National Park,Q4,rural_standing_volume_m3,210.92
Wangchuck Centennial National Park,Q4,rural_standing_royalty_nu,3400.0
Wangchuck Centennial National Park,Q4,rural_other_volume_m3,0.0
Wangchuck Centennial National Park,Q4,rural_other_royalty_nu,0.0
Wangchuck Centennial National Park,Q4,commercial_standing_volume_m3,45.58
Wangchuck Centennial National Park,Q4,commercial_other_volume_m3,0.0
Wangchuck Centennial National Park,Q4,commercial_total_royalty_nu,12680.0
Wangchuck Centennial National Park,Q4,free_timber_volume_m3,0.0
Wangchuck Centennial National Park,Q4,free_firewood_volume_m3,0.0
